insert into position(position_id, name, description)
values (1, 'Captain', 'Elected by the crew. Power is only absolute in the heat of battle or when giving chase.');
insert into position(position_id, name, description)
values (2, 'Quartermaster', 'Carries out captain’s orders. Handles day-to-day operations of the ship. Divided plunder among the crew. In charge of discipline.');
insert into position(position_id, name, description)
values (3, 'Gunner', 'Operates the artillery. Aims the cannons. Maintains powder and shot.');
insert into position(position_id, name, description)
values (4, 'Boatswain', 'Keeps ship in shape for travel and battle. Looks after wood, canvas, and ropes. Leads shore parties to restock supplies.');
insert into position(position_id, name, description)
values (5, 'Surgeon', 'Treats diseases and wounds.');
insert into position(position_id, name, description)
values (6, 'Carpenter', 'Makes repairs after combat or storms. Keeps masts and yardarms sound. Knows when to beach the ship for maintenance. Saws off wounded limbs.');
insert into position(position_id, name, description)
values (7, 'Cook', 'Makes food.');

-- Names generated by https://www.fantasynamegenerators.com/pirate-names.php
insert into users(username, password, enabled)
values('mhai', '$2a$10$9AuufSEoXjrMo07V2oa7NumYYqFFUn36IToM43cHHWIWaUD6jThpu', 'T');
insert into authorities(username, authority)
values ('mhai', 'crew');
insert into crew(crew_id, name, position_id, username)
values (1, 'Maude Hailey', 1, 'mhai');

insert into users(username, password, enabled)
values('olaw', '$2a$10$9AuufSEoXjrMo07V2oa7NumYYqFFUn36IToM43cHHWIWaUD6jThpu', 'T');
insert into authorities(username, authority)
values ('olaw', 'crew');
insert into crew(crew_id, name, position_id, username)
values (2, 'Ogden Law', 2, 'olaw');

insert into users(username, password, enabled)
values('ltho', '$2a$10$9AuufSEoXjrMo07V2oa7NumYYqFFUn36IToM43cHHWIWaUD6jThpu', 'T');
insert into authorities(username, authority)
values ('ltho', 'crew');
insert into crew(crew_id, name, position_id, username)
values (3, 'Lena Thorp', 3, 'ltho');

insert into users(username, password, enabled)
values('wcro', '$2a$10$9AuufSEoXjrMo07V2oa7NumYYqFFUn36IToM43cHHWIWaUD6jThpu', 'T');
insert into authorities(username, authority)
values ('wcro', 'crew');
insert into crew(crew_id, name, position_id, username)
values (4, 'West Cromwell', 3, 'wcro');

insert into users(username, password, enabled)
values('item', '$2a$10$9AuufSEoXjrMo07V2oa7NumYYqFFUn36IToM43cHHWIWaUD6jThpu', 'T');
insert into authorities(username, authority)
values ('item', 'crew');
insert into authorities(username, authority)
values ('item', 'hr');
insert into crew(crew_id, name, position_id, username)
values (5, 'Isabelle Tempest', 4, 'item');

insert into users(username, password, enabled)
values('bweb', '$2a$10$9AuufSEoXjrMo07V2oa7NumYYqFFUn36IToM43cHHWIWaUD6jThpu', 'T');
insert into authorities(username, authority)
values ('bweb', 'crew');
insert into crew(crew_id, name, position_id, username)
values (6, 'Botolf Webb', 4, 'bweb');

insert into users(username, password, enabled)
values('jbla', '$2a$10$9AuufSEoXjrMo07V2oa7NumYYqFFUn36IToM43cHHWIWaUD6jThpu', 'T');
insert into authorities(username, authority)
values ('jbla', 'crew');
insert into crew(crew_id, name, position_id, username)
values (7, 'Jannie Blade', 5, 'jbla');

insert into users(username, password, enabled)
values('tken', '$2a$10$9AuufSEoXjrMo07V2oa7NumYYqFFUn36IToM43cHHWIWaUD6jThpu', 'T');
insert into authorities(username, authority)
values ('tken', 'crew');
insert into crew(crew_id, name, position_id, username)
values (8, 'Thormond Kendal', 6, 'tken');

insert into users(username, password, enabled)
values('aath', '$2a$10$9AuufSEoXjrMo07V2oa7NumYYqFFUn36IToM43cHHWIWaUD6jThpu', 'T');
insert into authorities(username, authority)
values ('aath', 'crew');
insert into crew(crew_id, name, position_id, username)
values (9, 'Alda Atherton', 6, 'aath');

insert into users(username, password, enabled)
values('dmur', '$2a$10$9AuufSEoXjrMo07V2oa7NumYYqFFUn36IToM43cHHWIWaUD6jThpu', 'T');
insert into authorities(username, authority)
values ('dmur', 'crew');
insert into crew(crew_id, name, position_id, username)
values (10, 'Duane Murray', 7, 'dmur');

insert into users(username, password, enabled)
values('whol', '$2a$10$9AuufSEoXjrMo07V2oa7NumYYqFFUn36IToM43cHHWIWaUD6jThpu', 'T');
insert into authorities(username, authority)
values ('whol', 'crew');
insert into crew(crew_id, name, position_id, username)
values (11, 'Wolcott Holt', 7, 'whol');

insert into users(username, password, enabled)
values('kcla', '$2a$10$9AuufSEoXjrMo07V2oa7NumYYqFFUn36IToM43cHHWIWaUD6jThpu', 'T');
insert into authorities(username, authority)
values ('kcla', 'crew');
insert into crew(crew_id, name, position_id, username)
values (12, 'Kelsey Clayton', 7, 'kcla');


insert into training(training_id, name)
values (1, 'Leadership for Dummies');
insert into training(training_id, name)
values (2, 'Mutiny: Recognize the Signs');
insert into training(training_id, name)
values (3, 'Basic Human Anatomy');
insert into training(training_id, name)
values (4, 'Tropical Diseases and You');
insert into training(training_id, name)
values (5, 'Sails 101');
insert into training(training_id, name)
values (6, 'Saws and Saltwater: Staying Sharp at Sea');
insert into training(training_id, name)
values (7, 'How to Cook Potatoes');
insert into training(training_id, name)
values (8, 'How to Cook Beans');
insert into training(training_id, name)
values (9, 'Essential Grog');
insert into training(training_id, name)
values (10, 'Appraising Loot: Know Your Booty');
insert into training(training_id, name)
values (11, 'Black Powder Safety');
insert into training(training_id, name)
values (12, 'Gunnery Basics');
insert into training(training_id, name)
values (13, 'Planks: Not Just for Walking!');
insert into training(training_id, name)
values (14, 'Emergency Coopering');


insert into position_training(position_id, training_id)
values (1, 1);
insert into position_training(position_id, training_id)
values (1, 2);
insert into position_training(position_id, training_id)
values (2, 1);
insert into position_training(position_id, training_id)
values (2, 2);
insert into position_training(position_id, training_id)
values (2, 10);
insert into position_training(position_id, training_id)
values (3, 11);
insert into position_training(position_id, training_id)
values (3, 12);
insert into position_training(position_id, training_id)
values (4, 14);
insert into position_training(position_id, training_id)
values (6, 13);
insert into position_training(position_id, training_id)
values (6, 14);
insert into position_training(position_id, training_id)
values (6, 6);
insert into position_training(position_id, training_id)
values (6, 3);
insert into position_training(position_id, training_id)
values (4, 1);
insert into position_training(position_id, training_id)
values (4, 5);
insert into position_training(position_id, training_id)
values (4, 13);
insert into position_training(position_id, training_id)
values (5, 3);
insert into position_training(position_id, training_id)
values (5, 4);
insert into position_training(position_id, training_id)
values (5, 6);
insert into position_training(position_id, training_id)
values (7, 7);
insert into position_training(position_id, training_id)
values (7, 8);
insert into position_training(position_id, training_id)
values (7, 9);

-- question IDs are (training_id * 3 + 1), (training_id * 3 + 2), (training_id * 3 + 3)
insert into question(question_id, training_id, text)
values (22, 8, 'Dried beans must be __________ before serving.');
insert into question(question_id, training_id, text)
values (23, 8, '__________ makes a good seasoning for beans.');
insert into question(question_id, training_id, text)
values (24, 8, 'Beans must be kept:');
-- answer IDs are (question_id * 3 + 1), (question_id * 3 + 2), (question_id * 3 + 3)
insert into answer(answer_id, question_id, text, IS_CORRECT)
values (67, 22, 'boiled', 'T');
insert into answer(answer_id, question_id, text, IS_CORRECT)
values (68, 22, 'peeled', 'F');
insert into answer(answer_id, question_id, text, IS_CORRECT)
values (69, 22, 'mashed', 'F');
insert into answer(answer_id, question_id, text, IS_CORRECT)
values (70, 23, 'salt', 'T');
insert into answer(answer_id, question_id, text, IS_CORRECT)
values (71, 23, 'saltwater', 'F');
insert into answer(answer_id, question_id, text, IS_CORRECT)
values (72, 23, 'mint', 'F');
insert into answer(answer_id, question_id, text, IS_CORRECT)
values (73, 24, 'Cool and dry', 'T');
insert into answer(answer_id, question_id, text, IS_CORRECT)
values (74, 24, 'Underwater', 'F');
insert into answer(answer_id, question_id, text, IS_CORRECT)
values (75, 24, 'Outside the ship', 'F');

insert into crew_training(crew_id, training_id, IS_COMPLETE)
values(1, 1, 'T');

insert into crew_training(crew_id, training_id, IS_COMPLETE)
values(2, 2, 'T');

insert into crew_training(crew_id, training_id, IS_COMPLETE)
values(3, 12, 'T');

insert into crew_training(crew_id, training_id, IS_COMPLETE)
values(4, 11, 'T');

insert into crew_training(crew_id, training_id, IS_COMPLETE)
values(5, 14, 'T');

insert into crew_training(crew_id, training_id, IS_COMPLETE)
values(6, 5, 'T');

insert into crew_training(crew_id, training_id, IS_COMPLETE)
values(7, 6, 'T');

insert into crew_training(crew_id, training_id, IS_COMPLETE)
values(8, 3, 'T');

insert into crew_training(crew_id, training_id, IS_COMPLETE)
values(9, 14, 'T');

insert into crew_training(crew_id, training_id, IS_COMPLETE)
values(10, 8, 'T');

insert into crew_training(crew_id, training_id, IS_COMPLETE)
values(11, 9, 'T');

insert into crew_training(crew_id, training_id, IS_COMPLETE)
values(12, 7, 'T');

